исходные варианты,верный текст
"далее, ДАЛЕЕ",дальше
Далее,Дальше
"он-лайн, он лайн, ОНЛАЙН",онлайн
"Он-лайн, Он лайн",Онлайн
"рублей, рубля, рубль, руб.",₽
тыс.,тыс
млн.,млн
риэлтор,риелтор
Риэлтор,Риелтор
риэлтора,риелтора
Риэлтора,Риелтора
риэлтору,риелтору
Риэлтору,Риелтору
риэлтором,риелтором
Риэлтором,Риелтором
риэлторе,риелторе
Риэлторе,Риелторе
риэлторы,риелторы
Риэлторы,Риелторы
риэлторов,риелторов
Риэлторов,Риелторов
риэлторам,риелторам
Риэлторам,Риелторам
риэлторами,риелторами
Риэлторами,Риелторами
риэлторах,риелторах
Риэлторах,Риелторах
"кэшбэк, кешбек, КЭШБЭК",кешбэк
"Кэшбэк, Кешбек",Кешбэк
"кэшбэка, кешбека",кешбэка
"Кэшбэка, Кешбека",Кешбэка
"кэшбэку, кешбеку",кешбэку
"Кэшбэку, Кешбеку",Кешбэку
"кэшбэком, кешбеком",кешбэком
"Кэшбэком, Кешбеком",Кешбэком
"кэшбэке, кешбеке",кешбэке
"Кэшбэке, Кешбеке",Кешбэке
"промо-код, промо код",промокод
"Промо-код, Промо код",Промокод
"промо-кода, промо кода",промокода
"Промо-кода, Промо кода",Промокода
"промо-коду, промо коду",промокоду
"Промо-коду, Промо коду",Промокоду
"промо-кодом, промо кодом",промокодом
"Промо-кодом, Промо кодом",Промокодом
"промо-коде, промо коде",промокоде
"Промо-коде, Промо коде",Промокоде
"промо-коды, промо коды",промокоды
"Промо-коды, Промо коды",Промокоды
"промо-кодов, промо кодов",промокодов
"Промо-кодов, Промо кодов",Промокодов
"промо-кодам, промо кодам",промокодам
"Промо-кодам, Промо кодам",Промокодам
"промо-кодами, промо кодами",промокодами
"Промо-кодами, Промо кодами",Промокодами
"промо-кодах, промо кодах",промокодах
"Промо-кодах, Промо кодах",Промокодах
первоначальный взнос,первый взнос
Первоначальный взнос,Первый взнос
первоначального взноса,первого взноса
Первоначального взноса,Первого взноса
первоначальному взносу,первому взносу
Первоначальному взносу,Первому взносу
первоначальным взносом,первым взносом
Первоначальным взносом,Первым взносом
первоначальном взносе,первом взносе
Первоначальном взносе,Первом взносе
приобрести,купить
Приобрести,Купить
приобрети,купи
Приобрети,Купи
приобретите,купите
Приобретите,Купите
"приобрёл, приобрел",купил
"Приобрёл, Приобрел",Купил
приобрела,купила
Приобрела,Купила
приобрело,купило
Приобрело,Купило
приобрели,купили
Приобрели,Купили
приобрету,куплю
Приобрету,Куплю
"приобретёшь, приобретешь",купишь
"Приобретёшь, Приобретешь",Купишь
"приобретёт, приобретет",купит
"Приобретёт, Приобретет",Купит
"приобретём, приобретем",купим
"Приобретём, Приобретем",Купим
"приобретёте, приобретете",купите
"Приобретёте, Приобретете",Купите
приобретут,купят
Приобретут,Купят
приобретя,купив
Приобретя,Купив
"приобретённый, приобретенный",купленный
"Приобретённый, Приобретенный",Купленный
"приобретённого, приобретенного",купленного
"Приобретённого, Приобретенного",Купленного
"приобретённому, приобретенному",купленному
"Приобретённому, Приобретенному",Купленному
"приобретённым, приобретенным",купленным
"Приобретённым, Приобретенным",Купленным
"приобретённом, приобретенном",купленном
"Приобретённом, Приобретенном",Купленном
"приобретённая, приобретенная",купленная
"Приобретённая, Приобретенная",Купленная
"приобретённой, приобретенной",купленной
"Приобретённой, Приобретенной",Купленной
"приобретённую, приобретенную",купленную
"Приобретённую, Приобретенную",Купленную
"приобретённое, приобретенное",купленное
"Приобретённое, Приобретенное",Купленное
"приобретённые, приобретенные",купленные
"Приобретённые, Приобретенные",Купленные
"приобретённых, приобретенных",купленных
"Приобретённых, Приобретенных",Купленных
"приобретёнными, приобретенными",купленными
"Приобретёнными, Приобретенными",Купленными
"приобретён, приобретен",куплен
"Приобретён, Приобретен",Куплен
приобретена,куплена
Приобретена,Куплена
приобретено,куплено
Приобретено,Куплено
приобретены,куплены
Приобретены,Куплены
приобретший,купивший
Приобретший,Купивший
приобретшего,купившего
Приобретшего,Купившего
приобретшему,купившему
Приобретшему,Купившему
приобретшим,купившим
Приобретшим,Купившим
приобретшем,купившем
Приобретшем,Купившем
приобретшая,купившая
Приобретшая,Купившая
приобретшей,купившей
Приобретшей,Купившей
приобретшую,купившую
Приобретшую,Купившую
приобретшее,купившее
Приобретшее,Купившее
приобретшие,купившие
Приобретшие,Купившие
приобретших,купивших
Приобретших,Купивших
приобретшими,купившими
Приобретшими,Купившими
денежные средства,деньги
Денежные средства,Деньги
денежных средств,денег
Денежных средств,Денег
денежным средствам,деньгам
Денежным средствам,Деньгам
денежными средствами,деньгами
Денежными средствами,Деньгами
денежных средствах,деньгах
Денежных средствах,Деньгах
денежное средство,деньги
Денежное средство,Деньги
денежного средства,денег
Денежного средства,Денег
денежному средству,деньгам
Денежному средству,Деньгам
денежным средством,деньгами
Денежным средством,Деньгами
денежном средстве,деньгах
Денежном средстве,Деньгах
первоначальные взносы,первые взносы
Первоначальные взносы,Первые взносы
первоначальных взносов,первых взносов
Первоначальных взносов,Первых взносов
первоначальным взносам,первым взносам
Первоначальным взносам,Первым взносам
первоначальными взносами,первыми взносами
Первоначальными взносами,Первыми взносами
первоначальных взносах,первых взносах
Первоначальных взносах,Первых взносах
